date,cases,deaths
2020-01-30,1.0,1.0
2020-01-31,0.0,0.0
2020-02-01,0.0,0.0
2020-02-02,1.0,1.0
2020-02-03,18.0,0.0
2020-02-04,0.0,0.0
2020-02-05,1.0,0.0
2020-02-06,0.0,0.0
2020-02-07,0.0,0.0
2020-02-08,3.0,0.0
2020-02-09,1.0,0.0
2020-02-10,1.0,0.0
2020-02-11,4.0,0.0
2020-02-12,1.0,0.0
2020-02-13,1.0,0.0
2020-02-14,0.0,0.0
2020-02-15,0.0,0.0
2020-02-16,0.0,0.0
2020-02-17,1.0,0.0
2020-02-18,1.0,0.0
2020-02-19,0.0,0.0
2020-02-20,0.0,0.0
2020-02-21,2.0,0.0
2020-02-22,0.0,1.0
2020-02-23,6.0,0.0
2020-02-24,2.0,0.0
2020-02-25,3.0,0.0
2020-02-26,1.0,0.0
2020-02-27,7.0,0.0
2020-02-28,11.0,0.0
2020-02-29,4.0,0.0
2020-03-01,18.0,0.0
2020-03-02,40.0,1.0
2020-03-03,53.0,0.0
2020-03-04,49.0,1.0
2020-03-05,46.0,2.0
2020-03-06,74.0,2.0
2020-03-07,55.0,0.0
2020-03-08,50.0,2.0
2020-03-09,127.0,5.0
2020-03-10,229.0,3.0
2020-03-11,358.0,7.0
2020-03-12,421.0,11.0
2020-03-13,401.0,16.0
2020-03-14,315.0,19.0
2020-03-15,398.0,28.0
2020-03-16,552.0,44.0
2020-03-17,683.0,54.0
2020-03-18,910.0,66.0
2020-03-19,932.0,71.0
2020-03-20,1096.0,109.0
2020-03-21,1040.0,126.0
2020-03-22,1212.0,172.0
2020-03-23,2010.0,188.0
2020-03-24,2041.0,237.0
2020-03-25,2284.0,299.0
2020-03-26,2633.0,370.0
2020-03-27,2673.0,416.0
2020-03-28,2379.0,449.0
2020-03-29,2449.0,531.0
2020-03-30,3514.0,631.0
2020-03-31,3816.0,741.0
2020-04-01,4150.0,826.0
2020-04-02,4097.0,892.0
2020-04-03,4102.0,927.0
2020-04-04,3405.0,1023.0
2020-04-05,3094.0,1063.0
2020-04-06,4407.0,1025.0
2020-04-07,4605.0,1145.0
2020-04-08,4315.0,1286.0
2020-04-09,4076.0,1177.0
2020-04-10,3590.0,1163.0
2020-04-11,3085.0,1203.0
2020-04-12,2958.0,1208.0
2020-04-13,3463.0,1076.0
2020-04-14,3568.0,1080.0
2020-04-15,4240.0,1100.0
2020-04-16,4360.0,1147.0
2020-04-17,4088.0,1107.0
2020-04-18,4142.0,1030.0
2020-04-19,3494.0,967.0
2020-04-20,3698.0,992.0
2020-04-21,3996.0,916.0
2020-04-22,4812.0,939.0
2020-04-23,4574.0,893.0
2020-04-24,4351.0,874.0
2020-04-25,3381.0,771.0
2020-04-26,3137.0,763.0
2020-04-27,4056.0,724.0
2020-04-28,4113.0,701.0
2020-04-29,4737.0,699.0
2020-04-30,4314.0,660.0
2020-05-01,4109.0,661.0
2020-05-02,2762.0,590.0
2020-05-03,2648.0,556.0
2020-05-04,2851.0,562.0
2020-05-05,3148.0,537.0
2020-05-06,3264.0,524.0
2020-05-07,3205.0,535.0
2020-05-08,2622.0,482.0
2020-05-09,1797.0,463.0
2020-05-10,2013.0,423.0
2020-05-11,3088.0,355.0
2020-05-12,2940.0,380.0
2020-05-13,2899.0,373.0
2020-05-14,2222.0,373.0
2020-05-15,2145.0,359.0
2020-05-16,1781.0,351.0
2020-05-17,1593.0,316.0
2020-05-18,2226.0,344.0
2020-05-19,2602.0,316.0
2020-05-20,2359.0,303.0
2020-05-21,2277.0,286.0
2020-05-22,1798.0,256.0
2020-05-23,1309.0,255.0
2020-05-24,1206.0,234.0
2020-05-25,1389.0,240.0
2020-05-26,1461.0,260.0
2020-05-27,1616.0,233.0
2020-05-28,1575.0,241.0
2020-05-29,1374.0,216.0
2020-05-30,1010.0,188.0
2020-05-31,984.0,175.0
2020-06-01,1319.0,179.0
2020-06-02,1365.0,204.0
2020-06-03,1251.0,179.0
2020-06-04,1147.0,163.0
2020-06-05,1020.0,160.0
2020-06-06,723.0,129.0
2020-06-07,668.0,137.0
2020-06-08,990.0,142.0
2020-06-09,1066.0,127.0
2020-06-10,1086.0,142.0
2020-06-11,915.0,108.0
2020-06-12,938.0,122.0
2020-06-13,785.0,85.0
2020-06-14,752.0,119.0
2020-06-15,944.0,92.0
2020-06-16,996.0,103.0
2020-06-17,914.0,91.0
2020-06-18,938.0,79.0
2020-06-19,818.0,76.0
2020-06-20,626.0,76.0
2020-06-21,550.0,67.0
2020-06-22,821.0,74.0
2020-06-23,726.0,89.0
2020-06-24,732.0,93.0
2020-06-25,643.0,97.0
2020-06-26,640.0,70.0
2020-06-27,506.0,61.0
2020-06-28,413.0,62.0
2020-06-29,666.0,63.0
2020-06-30,578.0,71.0
2020-07-01,607.0,44.0
2020-07-02,561.0,55.0
2020-07-03,536.0,45.0
2020-07-04,385.0,46.0
2020-07-05,544.0,44.0
2020-07-06,664.0,48.0
2020-07-07,565.0,41.0
2020-07-08,682.0,44.0
2020-07-09,688.0,56.0
2020-07-10,524.0,42.0
2020-07-11,432.0,33.0
2020-07-12,351.0,29.0
2020-07-13,694.0,42.0
2020-07-14,661.0,38.0
2020-07-15,726.0,39.0
2020-07-16,644.0,18.0
2020-07-17,548.0,31.0
2020-07-18,473.0,28.0
2020-07-19,419.0,22.0
2020-07-20,769.0,29.0
2020-07-21,697.0,30.0
2020-07-22,764.0,34.0
2020-07-23,741.0,33.0
2020-07-24,720.0,17.0
2020-07-25,500.0,20.0
2020-07-26,518.0,28.0
2020-07-27,824.0,16.0
2020-07-28,796.0,20.0
2020-07-29,994.0,21.0
2020-07-30,879.0,14.0
2020-07-31,644.0,26.0
2020-08-01,508.0,16.0
2020-08-02,518.0,15.0
2020-08-03,963.0,19.0
2020-08-04,965.0,20.0
2020-08-05,973.0,7.0
2020-08-06,1005.0,17.0
2020-08-07,892.0,19.0
2020-08-08,648.0,18.0
2020-08-09,569.0,18.0
2020-08-10,1375.0,23.0
2020-08-11,1247.0,20.0
2020-08-12,1126.0,20.0
2020-08-13,1036.0,18.0
2020-08-14,1059.0,15.0
2020-08-15,656.0,21.0
2020-08-16,535.0,12.0
2020-08-17,1158.0,19.0
2020-08-18,955.0,11.0
2020-08-19,1106.0,10.0
2020-08-20,1254.0,16.0
2020-08-21,1031.0,9.0
2020-08-22,732.0,11.0
2020-08-23,704.0,16.0
2020-08-24,1156.0,8.0
2020-08-25,1085.0,19.0
2020-08-26,1181.0,15.0
2020-08-27,1356.0,11.0
2020-08-28,1395.0,11.0
2020-08-29,1051.0,8.0
2020-08-30,987.0,8.0
2020-08-31,1279.0,16.0
2020-09-01,1962.0,9.0
2020-09-02,2696.0,13.0
2020-09-03,2716.0,6.0
2020-09-04,2637.0,14.0
2020-09-05,2200.0,12.0
2020-09-06,2079.0,13.0
2020-09-07,3530.0,20.0
2020-09-08,3071.0,15.0
2020-09-09,2893.0,10.0
2020-09-10,3143.0,15.0
2020-09-11,2893.0,15.0
2020-09-12,2224.0,21.0
2020-09-13,1722.0,18.0
2020-09-14,2941.0,17.0
2020-09-15,3057.0,22.0
2020-09-16,3778.0,25.0
2020-09-17,3979.0,34.0
2020-09-18,4290.0,25.0
2020-09-19,4215.0,22.0
2020-09-20,4652.0,34.0
2020-09-21,4727.0,26.0
2020-09-22,5400.0,32.0
2020-09-23,5934.0,52.0
2020-09-24,6361.0,33.0
2020-09-25,6105.0,35.0
2020-09-26,5704.0,43.0
2020-09-27,6084.0,49.0
2020-09-28,8641.0,47.0
2020-09-29,8832.0,42.0
2020-09-30,10663.0,53.0
2020-10-01,11444.0,56.0
2020-10-02,11719.0,69.0
2020-10-03,9820.0,56.0
2020-10-04,9966.0,55.0
2020-10-05,14218.0,54.0
2020-10-06,14458.0,69.0
2020-10-07,15418.0,88.0
2020-10-08,15452.0,80.0
2020-10-09,13158.0,82.0
2020-10-10,10301.0,87.0
2020-10-11,9781.0,106.0
2020-10-12,16420.0,94.0
2020-10-13,15660.0,94.0
2020-10-14,16644.0,104.0
2020-10-15,15428.0,124.0
2020-10-16,14761.0,125.0
2020-10-17,12488.0,168.0
2020-10-18,11982.0,124.0
2020-10-19,22369.0,155.0
2020-10-20,21638.0,177.0
2020-10-21,21762.0,196.0
2020-10-22,19866.0,186.0
2020-10-23,18359.0,183.0
2020-10-24,13713.0,174.0
2020-10-25,13353.0,207.0
2020-10-26,23033.0,218.0
2020-10-27,20762.0,226.0
2020-10-28,20548.0,228.0
2020-10-29,20256.0,253.0
2020-10-30,19899.0,284.0
2020-10-31,14565.0,277.0
2020-11-01,13611.0,283.0
2020-11-02,28394.0,279.0
2020-11-03,22690.0,304.0
2020-11-04,21053.0,283.0
2020-11-05,21206.0,300.0
2020-11-06,21179.0,339.0
2020-11-07,16888.0,348.0
2020-11-08,18272.0,347.0
2020-11-09,28562.0,404.0
2020-11-10,24836.0,329.0
2020-11-11,25064.0,317.0
2020-11-12,22320.0,357.0
2020-11-13,22009.0,352.0
2020-11-14,16290.0,367.0
2020-11-15,14430.0,375.0
2020-11-16,24147.0,362.0
2020-11-17,20675.0,378.0
2020-11-18,18545.0,444.0
2020-11-19,15797.0,407.0
2020-11-20,14960.0,407.0
2020-11-21,10806.0,413.0
2020-11-22,10216.0,420.0
2020-11-23,16472.0,429.0
2020-11-24,14267.0,423.0
2020-11-25,14153.0,436.0
2020-11-26,12458.0,380.0
2020-11-27,12459.0,387.0
2020-11-28,9348.0,389.0
2020-11-29,9067.0,423.0
2020-11-30,15228.0,385.0
2020-12-01,13732.0,359.0
2020-12-02,13661.0,348.0
2020-12-03,12761.0,410.0
2020-12-04,13065.0,420.0
2020-12-05,10302.0,345.0
2020-12-06,11036.0,363.0
2020-12-07,17662.0,379.0
2020-12-08,16937.0,398.0
2020-12-09,17744.0,381.0
2020-12-10,18850.0,407.0
2020-12-11,20177.0,424.0
2020-12-12,16268.0,411.0
2020-12-13,18409.0,410.0
2020-12-14,30019.0,422.0
2020-12-15,29652.0,408.0
2020-12-16,30648.0,386.0
2020-12-17,30160.0,463.0
2020-12-18,32426.0,478.0
2020-12-19,22195.0,457.0
2020-12-20,29556.0,455.0
2020-12-21,43446.0,506.0
2020-12-22,41741.0,539.0
2020-12-23,38382.0,519.0
2020-12-24,29287.0,503.0
2020-12-25,12926.0,558.0
2020-12-26,37462.0,593.0
2020-12-27,43250.0,612.0
2020-12-28,40845.0,615.0
2020-12-29,74058.0,614.0
2020-12-30,64243.0,655.0
2020-12-31,47824.0,701.0
2021-01-01,28879.0,689.0
2021-01-02,55429.0,726.0
2021-01-03,50664.0,684.0
2021-01-04,70920.0,790.0
2021-01-05,59601.0,856.0
2021-01-06,52752.0,882.0
2021-01-07,48132.0,918.0
2021-01-08,43494.0,922.0
2021-01-09,36420.0,976.0
2021-01-10,33749.0,1030.0
2021-01-11,53519.0,1076.0
2021-01-12,45968.0,1173.0
2021-01-13,42302.0,1161.0
2021-01-14,39660.0,1167.0
2021-01-15,37878.0,1162.0
2021-01-16,28413.0,1241.0
2021-01-17,26976.0,1229.0
2021-01-18,41936.0,1242.0
2021-01-19,37054.0,1328.0
2021-01-20,32678.0,1237.0
2021-01-21,29632.0,1204.0
2021-01-22,27741.0,1189.0
2021-01-23,20425.0,1148.0
2021-01-24,15883.0,1086.0
2021-01-25,27972.0,1150.0
2021-01-26,25209.0,1046.0
2021-01-27,23899.0,1108.0
2021-01-28,22523.0,1110.0
2021-01-29,20363.0,1008.0
2021-01-30,15524.0,924.0
2021-01-31,14138.0,899.0
2021-02-01,20764.0,893.0
2021-02-02,18193.0,854.0
2021-02-03,17948.0,872.0
2021-02-04,16717.0,735.0
2021-02-05,14461.0,771.0
2021-02-06,10951.0,686.0
2021-02-07,10458.0,665.0
2021-02-08,14370.0,702.0
2021-02-09,12696.0,628.0
2021-02-10,12272.0,629.0
2021-02-11,11637.0,590.0
2021-02-12,10986.0,546.0
2021-02-13,8025.0,512.0
2021-02-14,7781.0,520.0
2021-02-15,12953.0,549.0
2021-02-16,11268.0,501.0
2021-02-17,10419.0,438.0
2021-02-18,10303.0,454.0
2021-02-19,9246.0,390.0
2021-02-20,7161.0,388.0
2021-02-21,7033.0,355.0
2021-02-22,10279.0,325.0
2021-02-23,8536.0,336.0
2021-02-24,7620.0,317.0
2021-02-25,6933.0,308.0
2021-02-26,5883.0,262.0
2021-02-27,4254.0,265.0
2021-02-28,4112.0,257.0
2021-03-01,6215.0,254.0
2021-03-02,5950.0,210.0
2021-03-03,5305.0,188.0
2021-03-04,5011.0,204.0
2021-03-05,4728.0,203.0
2021-03-06,3832.0,178.0
2021-03-07,3677.0,175.0
2021-03-08,5818.0,165.0
2021-03-09,5488.0,160.0
2021-03-10,5222.0,136.0
2021-03-11,4848.0,152.0
2021-03-12,4767.0,117.0
2021-03-13,3592.0,123.0
2021-03-14,3707.0,115.0
2021-03-15,5643.0,122.0
2021-03-16,4933.0,94.0
2021-03-17,5047.0,104.0
2021-03-18,4689.0,85.0
2021-03-19,4333.0,82.0
2021-03-20,3514.0,89.0
2021-03-21,4679.0,109.0
2021-03-22,5400.0,89.0
2021-03-23,4566.0,83.0
2021-03-24,5321.0,58.0
2021-03-25,4674.0,68.0
2021-03-26,3803.0,61.0
2021-03-27,3136.0,55.0
2021-03-28,4477.0,43.0
2021-03-29,3422.0,58.0
2021-03-30,3135.0,50.0
2021-03-31,3340.0,64.0
2021-04-01,3067.0,54.0
2021-04-02,2248.0,38.0
2021-04-03,2121.0,34.0
2021-04-04,2042.0,51.0
2021-04-05,2314.0,35.0
2021-04-06,2756.0,37.0
2021-04-07,2752.0,38.0
2021-04-08,2651.0,52.0
2021-04-09,2482.0,32.0
2021-04-10,2009.0,36.0
2021-04-11,2020.0,34.0
2021-04-12,2399.0,36.0
2021-04-13,2060.0,37.0
2021-04-14,2068.0,26.0
2021-04-15,1959.0,37.0
2021-04-16,1963.0,28.0
2021-04-17,1398.0,36.0
2021-04-18,2281.0,27.0
2021-04-19,2268.0,17.0
2021-04-20,2112.0,30.0
2021-04-21,2298.0,26.0
2021-04-22,2032.0,28.0
2021-04-23,1701.0,23.0
2021-04-24,1300.0,19.0
2021-04-25,1897.0,22.0
2021-04-26,2267.0,19.0
2021-04-27,1809.0,23.0
2021-04-28,2153.0,19.0
2021-04-29,1901.0,15.0
2021-04-30,1528.0,16.0
2021-05-01,1211.0,14.0
2021-05-02,1305.0,16.0
2021-05-03,1806.0,17.0
2021-05-04,2200.0,14.0
2021-05-05,2203.0,20.0
2021-05-06,1967.0,14.0
2021-05-07,1657.0,16.0
2021-05-08,1301.0,17.0
2021-05-09,1985.0,11.0
2021-05-10,2325.0,7.0
2021-05-11,1872.0,19.0
2021-05-12,1869.0,13.0
2021-05-13,1737.0,10.0
2021-05-14,1540.0,9.0
2021-05-15,1306.0,13.0
2021-05-16,1587.0,10.0
2021-05-17,2341.0,11.0
2021-05-18,2241.0,9.0
2021-05-19,2261.0,3.0
2021-05-20,2000.0,6.0
2021-05-21,1872.0,16.0
2021-05-22,1606.0,3.0
2021-05-23,1918.0,14.0
2021-05-24,2750.0,13.0
2021-05-25,2797.0,8.0
2021-05-26,3179.0,12.0
2021-05-27,3075.0,8.0
2021-05-28,2929.0,12.0
2021-05-29,2462.0,9.0
2021-05-30,2598.0,8.0
2021-05-31,3170.0,10.0
2021-06-01,4515.0,9.0
2021-06-02,5039.0,10.0
2021-06-03,5131.0,14.0
2021-06-04,4886.0,13.0
2021-06-05,3964.0,5.0
2021-06-06,4730.0,12.0
2021-06-07,6791.0,5.0
2021-06-08,6627.0,13.0
2021-06-09,6919.0,14.0
2021-06-10,6718.0,16.0
2021-06-11,6510.0,11.0
2021-06-12,5422.0,11.0
2021-06-13,6075.0,9.0
2021-06-14,8941.0,12.0
2021-06-15,9153.0,15.0
2021-06-16,9411.0,15.0
2021-06-17,9523.0,7.0
2021-06-18,8770.0,14.0
2021-06-19,7127.0,17.0
2021-06-20,8203.0,20.0
2021-06-21,12707.0,12.0
2021-06-22,13563.0,13.0
2021-06-23,14806.0,6.0
2021-06-24,15084.0,23.0
2021-06-25,14901.0,21.0
2021-06-26,13486.0,10.0
2021-06-27,15407.0,20.0
2021-06-28,23511.0,13.0
2021-06-29,23250.0,21.0
2021-06-30,23941.0,23.0
2021-07-01,24267.0,25.0
2021-07-02,22287.0,26.0
2021-07-03,20638.0,27.0
2021-07-04,21806.0,24.0
2021-07-05,30215.0,21.0
2021-07-06,31626.0,22.0
2021-07-07,34274.0,28.0
2021-07-08,29929.0,30.0
2021-07-09,29050.0,43.0
2021-07-10,25411.0,34.0
2021-07-11,27418.0,28.0
2021-07-12,40477.0,34.0
2021-07-13,43247.0,40.0
2021-07-14,50320.0,38.0
2021-07-15,57583.0,45.0
2021-07-16,51138.0,44.0
2021-07-17,35281.0,49.0
2021-07-18,33164.0,60.0
2021-07-19,43401.0,76.0
2021-07-20,35947.0,54.0
2021-07-21,31676.0,48.0
2021-07-22,27711.0,74.0
2021-07-23,24586.0,68.0
2021-07-24,20275.0,60.0
2021-07-25,19657.0,62.0
2021-07-26,26541.0,70.0
2021-07-27,26026.0,61.0
2021-07-28,26926.0,70.0
2021-07-29,25361.0,73.0
2021-07-30,22109.0,90.0
2021-07-31,18450.0,73.0
2021-08-01,18714.0,74.0
2021-08-02,26580.0,76.0
2021-08-03,27062.0,70.0
2021-08-04,28895.0,79.0
2021-08-05,28126.0,89.0
2021-08-06,24851.0,85.0
2021-08-07,19957.0,90.0
2021-08-08,20157.0,67.0
2021-08-09,28292.0,74.0
2021-08-10,27610.0,73.0
2021-08-11,29135.0,78.0
2021-08-12,27689.0,91.0
2021-08-13,24992.0,81.0
2021-08-14,21337.0,86.0
2021-08-15,21280.0,75.0
2021-08-16,30861.0,78.0
2021-08-17,31095.0,89.0
2021-08-18,31426.0,89.0
2021-08-19,29075.0,99.0
2021-08-20,25555.0,108.0
2021-08-21,22605.0,97.0
2021-08-22,22409.0,110.0
2021-08-23,30333.0,97.0
2021-08-24,28211.0,104.0
2021-08-25,27901.0,86.0
2021-08-26,26482.0,108.0
2021-08-27,24252.0,114.0
2021-08-28,20137.0,105.0
2021-08-29,19152.0,114.0
2021-08-30,24973.0,93.0
2021-08-31,33565.0,102.0
2021-09-01,31600.0,102.0
2021-09-02,30636.0,105.0
2021-09-03,28730.0,124.0
2021-09-04,23409.0,119.0
2021-09-05,23457.0,122.0
2021-09-06,33134.0,129.0
2021-09-07,27938.0,129.0
2021-09-08,25659.0,116.0
2021-09-09,24440.0,137.0
2021-09-10,21031.0,111.0
2021-09-11,16956.0,109.0
2021-09-12,17879.0,102.0
2021-09-13,25199.0,78.0
2021-09-14,22641.0,126.0
2021-09-15,22414.0,122.0
2021-09-16,22320.0,118.0
2021-09-17,22377.0,130.0
2021-09-18,20927.0,102.0
2021-09-19,24790.0,102.0
2021-09-20,32121.0,116.0
2021-09-21,30547.0,99.0
2021-09-22,28788.0,114.0
2021-09-23,28340.0,109.0
2021-09-24,25754.0,100.0
2021-09-25,23388.0,89.0
2021-09-26,26814.0,76.0
2021-09-27,34595.0,84.0
2021-09-28,29628.0,88.0
2021-09-29,28689.0,93.0
2021-09-30,26807.0,95.0
2021-10-01,24134.0,102.0
2021-10-02,21873.0,73.0
2021-10-03,27138.0,78.0
2021-10-04,36475.0,84.0
2021-10-05,32269.0,96.0
2021-10-06,32547.0,79.0
2021-10-07,32156.0,95.0
2021-10-08,29848.0,95.0
2021-10-09,27180.0,94.0
2021-10-10,31499.0,82.0
2021-10-11,43115.0,97.0
2021-10-12,40892.0,96.0
2021-10-13,40547.0,99.0
2021-10-14,39262.0,114.0
2021-10-15,36631.0,108.0
2021-10-16,31638.0,105.0
2021-10-17,37501.0,109.0
2021-10-18,49257.0,97.0
2021-10-19,44630.0,109.0
2021-10-20,43963.0,116.0
2021-10-21,38581.0,115.0
2021-10-22,34506.0,115.0
2021-10-23,29748.0,131.0
2021-10-24,30091.0,120.0
2021-10-25,39958.0,123.0
2021-10-26,35276.0,132.0
2021-10-27,36523.0,140.0
2021-10-28,35077.0,157.0
2021-10-29,33995.0,132.0
2021-10-30,28243.0,124.0
2021-10-31,29564.0,151.0
2021-11-01,37663.0,146.0
2021-11-02,31328.0,132.0
2021-11-03,29396.0,135.0
2021-11-04,27378.0,131.0
2021-11-05,24405.0,131.0
2021-11-06,22581.0,135.0
2021-11-07,25447.0,123.0
2021-11-08,36138.0,128.0
2021-11-09,34679.0,131.0
2021-11-10,35390.0,129.0
2021-11-11,33700.0,128.0
2021-11-12,31336.0,107.0
2021-11-13,27358.0,117.0
2021-11-14,29599.0,108.0
2021-11-15,42477.0,136.0
2021-11-16,38655.0,134.0
2021-11-17,38257.0,95.0
2021-11-18,37099.0,106.0
2021-11-19,33184.0,107.0
2021-11-20,29869.0,105.0
2021-11-21,31761.0,98.0
2021-11-22,42870.0,100.0
2021-11-23,41013.0,119.0
2021-11-24,39881.0,105.0
2021-11-25,37143.0,112.0
2021-11-26,33666.0,102.0
2021-11-27,28459.0,97.0
2021-11-28,33857.0,104.0
2021-11-29,47939.0,117.0
2021-11-30,47632.0,109.0
2021-12-01,47263.0,107.0
2021-12-02,43045.0,94.0
2021-12-03,39222.0,123.0
2021-12-04,33380.0,129.0
2021-12-05,35037.0,95.0
2021-12-06,51121.0,111.0
2021-12-07,48146.0,99.0
2021-12-08,50057.0,111.0
2021-12-09,48817.0,107.0
2021-12-10,45018.0,98.0
2021-12-11,41940.0,86.0
2021-12-12,46366.0,121.0
2021-12-13,76507.0,95.0
2021-12-14,90718.0,124.0
2021-12-15,99654.0,99.0
2021-12-16,93804.0,98.0
2021-12-17,84964.0,114.0
2021-12-18,78929.0,92.0
2021-12-19,78496.0,102.0
2021-12-20,117576.0,111.0
2021-12-21,129598.0,92.0
2021-12-22,138140.0,123.0
2021-12-23,137019.0,124.0
2021-12-24,117561.0,104.0
2021-12-25,59912.0,97.0
2021-12-26,98918.0,101.0
2021-12-27,155567.0,115.0
2021-12-28,170584.0,136.0
2021-12-29,224031.0,107.0
2021-12-30,192825.0,156.0
2021-12-31,152887.0,133.0
2022-01-01,99303.0,152.0
2022-01-02,148609.0,143.0
2022-01-03,193617.0,153.0
2022-01-04,234874.0,158.0
2022-01-05,183797.0,161.0
2022-01-06,150785.0,185.0
2022-01-07,105082.0,206.0
2022-01-08,81222.0,188.0
2022-01-09,83082.0,200.0
2022-01-10,116343.0,202.0
2022-01-11,100980.0,202.0
2022-01-12,90000.0,200.0
2022-01-13,84131.0,191.0
2022-01-14,75175.0,203.0
2022-01-15,67820.0,211.0
2022-01-16,85599.0,211.0
2022-01-17,114776.0,197.0
2022-01-18,103308.0,202.0
2022-01-19,97335.0,180.0
2022-01-20,86952.0,167.0
2022-01-21,79174.0,213.0
2022-01-22,70483.0,195.0
2022-01-23,88560.0,181.0
2022-01-24,109232.0,204.0
2022-01-25,96955.0,156.0
2022-01-26,93211.0,175.0
2022-01-27,82727.0,179.0
2022-01-28,71682.0,163.0
2022-01-29,63023.0,160.0
2022-01-30,74980.0,169.0
2022-01-31,88501.0,178.0
2022-02-01,78512.0,170.0
2022-02-02,73908.0,164.0
2022-02-03,64035.0,163.0
2022-02-04,52557.0,144.0
2022-02-05,43233.0,152.0
2022-02-06,50148.0,132.0
2022-02-07,62672.0,124.0
2022-02-08,55437.0,135.0
2022-02-09,51013.0,118.0
2022-02-10,41331.0,106.0
2022-02-11,34944.0,121.0
2022-02-12,29142.0,127.0
2022-02-13,32326.0,110.0
2022-02-14,42491.0,131.0
2022-02-15,40146.0,103.0
2022-02-16,39446.0,110.0
2022-02-17,34168.0,104.0
2022-02-18,24923.0,102.0
2022-02-19,26429.0,98.0
2022-02-20,28411.0,106.0
2022-02-21,33034.0,94.0
2022-02-22,28020.0,92.0
2022-02-23,26009.0,91.0
2022-02-24,21882.0,95.0
2022-02-25,19533.0,90.0
2022-02-26,17604.0,81.0
2022-02-27,22165.0,92.0
2022-02-28,31865.0,82.0
2022-03-01,31864.0,82.0
2022-03-02,33361.0,108.0
2022-03-03,31532.0,83.0
2022-03-04,30605.0,86.0
2022-03-05,28509.0,81.0
2022-03-06,35914.0,64.0
2022-03-07,50982.0,91.0
2022-03-08,52343.0,100.0
2022-03-09,55491.0,88.0
2022-03-10,54296.0,91.0
2022-03-11,52269.0,97.0
2022-03-12,49161.0,101.0
2022-03-13,60271.0,81.0
2022-03-14,79516.0,115.0
2022-03-15,74101.0,100.0
2022-03-16,73951.0,107.0
2022-03-17,67687.0,105.0
2022-03-18,61903.0,122.0
2022-03-19,55211.0,121.0
2022-03-20,66907.0,128.0
2022-03-21,89907.0,122.0
2022-03-22,81844.0,123.0
2022-03-23,77600.0,122.0
2022-03-24,68604.0,119.0
2022-03-25,60256.0,138.0
2022-03-26,51777.0,129.0
2022-03-27,58000.0,127.0
2022-03-28,78909.0,136.0
2022-03-29,67439.0,155.0
2022-03-30,62751.0,150.0
2022-03-31,45881.0,153.0
2022-04-01,40342.0,163.0
2022-04-02,31609.0,170.0
2022-04-03,35606.0,155.0
2022-04-04,45139.0,143.0
2022-04-05,40393.0,161.0
2022-04-06,36891.0,164.0
2022-04-07,31745.0,188.0
2022-04-08,27391.0,196.0
2022-04-09,23013.0,148.0
2022-04-10,25641.0,160.0
2022-04-11,30597.0,159.0
2022-04-12,27382.0,161.0
2022-04-13,25507.0,184.0
2022-04-14,21434.0,161.0
2022-04-15,17306.0,145.0
2022-04-16,16091.0,140.0
2022-04-17,16262.0,135.0
2022-04-18,20566.0,146.0
2022-04-19,20595.0,130.0
2022-04-20,16973.0,137.0
2022-04-21,14520.0,134.0
2022-04-22,12526.0,128.0
2022-04-23,10573.0,124.0
2022-04-24,11866.0,106.0
2022-04-25,13404.0,106.0
2022-04-26,11293.0,95.0
2022-04-27,10120.0,117.0
2022-04-28,9056.0,110.0
2022-04-29,7992.0,81.0
2022-04-30,6863.0,92.0
2022-05-01,7719.0,102.0
2022-05-02,10343.0,92.0
2022-05-03,11155.0,84.0
2022-05-04,9783.0,79.0
2022-05-05,8592.0,72.0
2022-05-06,7518.0,90.0
2022-05-07,6354.0,83.0
2022-05-08,7664.0,74.0
2022-05-09,8876.0,73.0
2022-05-10,8154.0,87.0
2022-05-11,7264.0,58.0
2022-05-12,6376.0,55.0
2022-05-13,5795.0,66.0
2022-05-14,5139.0,54.0
2022-05-15,6730.0,61.0
2022-05-16,7884.0,52.0
2022-05-17,6831.0,55.0
2022-05-18,6392.0,38.0
2022-05-19,5781.0,27.0
2022-05-20,5049.0,55.0
2022-05-21,4243.0,36.0
2022-05-22,5151.0,44.0
2022-05-23,6248.0,52.0
2022-05-24,5593.0,39.0
2022-05-25,5189.0,26.0
2022-05-26,4819.0,40.0
2022-05-27,4494.0,39.0
2022-05-28,4153.0,31.0
2022-05-29,4687.0,24.0
2022-05-30,5928.0,42.0
2022-05-31,5734.0,42.0
2022-06-01,5711.0,23.0
2022-06-02,5081.0,38.0
2022-06-03,5581.0,22.0
2022-06-04,6278.0,33.0
2022-06-05,8351.0,23.0
2022-06-06,9798.0,38.0
2022-06-07,9484.0,27.0
2022-06-08,9951.0,32.0
2022-06-09,9589.0,18.0
2022-06-10,9153.0,31.0
2022-06-11,8468.0,27.0
2022-06-12,10718.0,34.0
2022-06-13,12954.0,28.0
2022-06-14,12660.0,27.0
2022-06-15,12387.0,39.0
2022-06-16,11915.0,41.0
2022-06-17,11640.0,36.0
2022-06-18,11634.0,35.0
2022-06-19,14524.0,36.0
2022-06-20,16918.0,41.0
2022-06-21,17531.0,39.0
2022-06-22,17764.0,57.0
2022-06-23,16699.0,44.0
2022-06-24,15626.0,37.0
2022-06-25,14478.0,57.0
2022-06-26,18039.0,57.0
2022-06-27,21896.0,45.0
2022-06-28,21869.0,49.0
2022-06-29,21719.0,66.0
2022-06-30,21512.0,53.0
2022-07-01,21067.0,62.0
2022-07-02,19587.0,67.0
2022-07-03,25172.0,53.0
2022-07-04,30388.0,72.0
2022-07-05,28117.0,83.0
2022-07-06,26741.0,89.0
2022-07-07,24048.0,84.0
2022-07-08,22173.0,85.0
2022-07-09,19353.0,91.0
2022-07-10,23045.0,87.0
2022-07-11,27197.0,100.0
2022-07-12,24376.0,120.0
2022-07-13,21637.0,110.0
2022-07-14,19340.0,101.0
2022-07-15,16625.0,91.0
2022-07-16,13676.0,100.0
2022-07-17,15702.0,134.0
2022-07-18,16918.0,99.0
2022-07-19,14865.0,193.0
2022-07-20,14534.0,172.0
2022-07-21,12790.0,103.0
2022-07-22,11177.0,88.0
2022-07-23,8909.0,101.0
2022-07-24,10214.0,106.0
2022-07-25,11927.0,93.0
2022-07-26,10482.0,95.0
2022-07-27,9435.0,99.0
2022-07-28,8339.0,105.0
2022-07-29,7584.0,101.0
2022-07-30,6612.0,65.0
2022-07-31,7671.0,80.0
2022-08-01,8814.0,75.0
2022-08-02,8165.0,86.0
2022-08-03,7419.0,99.0
2022-08-04,6524.0,71.0
2022-08-05,5859.0,69.0
2022-08-06,4851.0,56.0
2022-08-07,5897.0,87.0
2022-08-08,7226.0,81.0
2022-08-09,6462.0,75.0
2022-08-10,6003.0,64.0
2022-08-11,5445.0,86.0
2022-08-12,4781.0,96.0
2022-08-13,3978.0,77.0
2022-08-14,4781.0,68.0
2022-08-15,5606.0,70.0
2022-08-16,4845.0,61.0
2022-08-17,4421.0,50.0
2022-08-18,3989.0,53.0
2022-08-19,3492.0,53.0
2022-08-20,3059.0,66.0
2022-08-21,3547.0,50.0
2022-08-22,4575.0,57.0
2022-08-23,4076.0,64.0
2022-08-24,3913.0,41.0
2022-08-25,3263.0,41.0
2022-08-26,2997.0,34.0
2022-08-27,2606.0,53.0
2022-08-28,2882.0,54.0
2022-08-29,3936.0,44.0
2022-08-30,4473.0,35.0
2022-08-31,3975.0,57.0
2022-09-01,3759.0,35.0
2022-09-02,3238.0,42.0
2022-09-03,2971.0,40.0
2022-09-04,3759.0,36.0
2022-09-05,4385.0,31.0
2022-09-06,3940.0,28.0
2022-09-07,3749.0,49.0
2022-09-08,3250.0,38.0
2022-09-09,3103.0,30.0
2022-09-10,2861.0,35.0
2022-09-11,3890.0,19.0
2022-09-12,4757.0,33.0
2022-09-13,4601.0,47.0
2022-09-14,4453.0,38.0
2022-09-15,4200.0,40.0
2022-09-16,3728.0,30.0
2022-09-17,3188.0,31.0
2022-09-18,3943.0,31.0
2022-09-19,5701.0,41.0
2022-09-20,7205.0,44.0
2022-09-21,6943.0,30.0
2022-09-22,6295.0,45.0
2022-09-23,6012.0,43.0
2022-09-24,5311.0,39.0
2022-09-25,6738.0,32.0
2022-09-26,8050.0,52.0
2022-09-27,7651.0,58.0
2022-09-28,7805.0,55.0
2022-09-29,7352.0,53.0
2022-09-30,7097.0,48.0
2022-10-01,6564.0,61.0
2022-10-02,8623.0,55.0
2022-10-03,10881.0,69.0
2022-10-04,10247.0,80.0
2022-10-05,9548.0,85.0
2022-10-06,8821.0,82.0
2022-10-07,8335.0,86.0
2022-10-08,6582.0,82.0
2022-10-09,8014.0,84.0
2022-10-10,9836.0,80.0
2022-10-11,8780.0,104.0
2022-10-12,8124.0,113.0
2022-10-13,7564.0,101.0
2022-10-14,7341.0,105.0
2022-10-15,6005.0,92.0
2022-10-16,7257.0,98.0
2022-10-17,9302.0,103.0
2022-10-18,7668.0,90.0
2022-10-19,7042.0,87.0
2022-10-20,6075.0,109.0
2022-10-21,5759.0,94.0
2022-10-22,4527.0,99.0
2022-10-23,5012.0,86.0
2022-10-24,6146.0,94.0
2022-10-25,5179.0,97.0
2022-10-26,4924.0,82.0
2022-10-27,4374.0,96.0
2022-10-28,3916.0,75.0
2022-10-29,3227.0,82.0
2022-10-30,3827.0,89.0
2022-10-31,4633.0,64.0
2022-11-01,4091.0,68.0
2022-11-02,3599.0,67.0
2022-11-03,3261.0,70.0
2022-11-04,2761.0,79.0
2022-11-05,2374.0,63.0
2022-11-06,2917.0,48.0
2022-11-07,3878.0,64.0
2022-11-08,3380.0,58.0
2022-11-09,3184.0,52.0
2022-11-10,2806.0,46.0
2022-11-11,2564.0,56.0
2022-11-12,2171.0,37.0
2022-11-13,2646.0,49.0
2022-11-14,3494.0,56.0
2022-11-15,3160.0,58.0
2022-11-16,2933.0,43.0
2022-11-17,2703.0,48.0
2022-11-18,2501.0,52.0
2022-11-19,2207.0,46.0
2022-11-20,2612.0,55.0
2022-11-21,3549.0,44.0
2022-11-22,3451.0,43.0
2022-11-23,3241.0,48.0
2022-11-24,3006.0,43.0
2022-11-25,2637.0,39.0
2022-11-26,2304.0,35.0
2022-11-27,3152.0,45.0
2022-11-28,4237.0,49.0
2022-11-29,3972.0,39.0
2022-11-30,3607.0,37.0
2022-12-01,3214.0,48.0
2022-12-02,3276.0,42.0
2022-12-03,2481.0,47.0
2022-12-04,3409.0,30.0
2022-12-05,4848.0,54.0
2022-12-06,4760.0,59.0
2022-12-07,4641.0,53.0
2022-12-08,4093.0,57.0
2022-12-09,3826.0,54.0
2022-12-10,3287.0,60.0
2022-12-11,4226.0,58.0
2022-12-12,6358.0,56.0
2022-12-13,6485.0,61.0
2022-12-14,5962.0,81.0
2022-12-15,5549.0,43.0
2022-12-16,5525.0,72.0
2022-12-17,4275.0,76.0
2022-12-18,5214.0,89.0
2022-12-19,8242.0,96.0
2022-12-20,7839.0,98.0
2022-12-21,7044.0,87.0
2022-12-22,6240.0,83.0
2022-12-23,5226.0,103.0
2022-12-24,3778.0,117.0
2022-12-25,3383.0,106.0
2022-12-26,4501.0,104.0
2022-12-27,5980.0,114.0
2022-12-28,7610.0,110.0
2022-12-29,6955.0,100.0
2022-12-30,5526.0,131.0
2022-12-31,3891.0,129.0
2023-01-01,3339.0,111.0
2023-01-02,4636.0,108.0
2023-01-03,5740.0,114.0
2023-01-04,5013.0,117.0
2023-01-05,4170.0,115.0
2023-01-06,3415.0,88.0
2023-01-07,2416.0,99.0
2023-01-08,2501.0,103.0
2023-01-09,3213.0,109.0
2023-01-10,2803.0,87.0
2023-01-11,2372.0,77.0
2023-01-12,2205.0,103.0
2023-01-13,1905.0,83.0
2023-01-14,1329.0,86.0
2023-01-15,1673.0,87.0
2023-01-16,2309.0,93.0
2023-01-17,1989.0,73.0
2023-01-18,1901.0,74.0
2023-01-19,1809.0,71.0
2023-01-20,1699.0,66.0
2023-01-21,1400.0,65.0
2023-01-22,1748.0,69.0
2023-01-23,2384.0,59.0
2023-01-24,2552.0,71.0
2023-01-25,2423.0,54.0
2023-01-26,2337.0,63.0
2023-01-27,2270.0,68.0
2023-01-28,1803.0,62.0
2023-01-29,2250.0,65.0
2023-01-30,3270.0,56.0
2023-01-31,3281.0,56.0
2023-02-01,3214.0,61.0
2023-02-02,2956.0,69.0
2023-02-03,2752.0,58.0
2023-02-04,2225.0,52.0
2023-02-05,2616.0,65.0
2023-02-06,3621.0,49.0
2023-02-07,3396.0,60.0
2023-02-08,3335.0,63.0
2023-02-09,3045.0,49.0
2023-02-10,3051.0,69.0
2023-02-11,2398.0,57.0
2023-02-12,2920.0,56.0
2023-02-13,4551.0,46.0
2023-02-14,4357.0,71.0
2023-02-15,3894.0,56.0
2023-02-16,4005.0,68.0
2023-02-17,3780.0,71.0
2023-02-18,2907.0,65.0
2023-02-19,3436.0,52.0
2023-02-20,4554.0,68.0
2023-02-21,4326.0,56.0
2023-02-22,3856.0,78.0
2023-02-23,3474.0,68.0
2023-02-24,3112.0,72.0
2023-02-25,2529.0,66.0
2023-02-26,2901.0,77.0
2023-02-27,4319.0,70.0
2023-02-28,4152.0,71.0
2023-03-01,3973.0,63.0
2023-03-02,3567.0,90.0
2023-03-03,3420.0,65.0
2023-03-04,2573.0,84.0
2023-03-05,3155.0,83.0
2023-03-06,4580.0,80.0
2023-03-07,4457.0,79.0
2023-03-08,4318.0,80.0
2023-03-09,3963.0,78.0
2023-03-10,3592.0,77.0
2023-03-11,3084.0,81.0
2023-03-12,4029.0,84.0
2023-03-13,5285.0,86.0
2023-03-14,5073.0,82.0
2023-03-15,4372.0,91.0
2023-03-16,4350.0,85.0
2023-03-17,3718.0,95.0
2023-03-18,3109.0,83.0
2023-03-19,3683.0,78.0
2023-03-20,4729.0,74.0
2023-03-21,4747.0,102.0
2023-03-22,4326.0,86.0
2023-03-23,3969.0,91.0
2023-03-24,3745.0,94.0
2023-03-25,2747.0,94.0
2023-03-26,3156.0,70.0
2023-03-27,3926.0,85.0
2023-03-28,3594.0,95.0
2023-03-29,3438.0,78.0
2023-03-30,3051.0,88.0
2023-03-31,2510.0,62.0
2023-04-01,2083.0,60.0
2023-04-02,2249.0,61.0
2023-04-03,2459.0,79.0
2023-04-04,2185.0,83.0
2023-04-05,2237.0,51.0
2023-04-06,1967.0,89.0
2023-04-07,1599.0,76.0
2023-04-08,1531.0,59.0
2023-04-09,1643.0,56.0
2023-04-10,2134.0,67.0
2023-04-11,2282.0,57.0
2023-04-12,2056.0,63.0
2023-04-13,1880.0,75.0
2023-04-14,1553.0,63.0
2023-04-15,1272.0,60.0
2023-04-16,1788.0,58.0
2023-04-17,2060.0,52.0
2023-04-18,1803.0,54.0
2023-04-19,1703.0,64.0
2023-04-20,1488.0,54.0
2023-04-21,1343.0,74.0
2023-04-22,1191.0,45.0
2023-04-23,1433.0,54.0
2023-04-24,1708.0,41.0
2023-04-25,1605.0,45.0
2023-04-26,1569.0,51.0
2023-04-27,1514.0,42.0
2023-04-28,1369.0,40.0
2023-04-29,1211.0,41.0
2023-04-30,1240.0,34.0
2023-05-01,1651.0,45.0
2023-05-02,1778.0,44.0
2023-05-03,1527.0,44.0
2023-05-04,1478.0,42.0
2023-05-05,1198.0,39.0
2023-05-06,934.0,37.0
2023-05-07,1109.0,45.0
2023-05-08,1328.0,35.0
2023-05-09,1445.0,32.0
2023-05-10,1267.0,35.0
2023-05-11,1196.0,46.0
2023-05-12,945.0,41.0
2023-05-13,782.0,27.0
2023-05-14,1030.0,26.0
2023-05-15,1139.0,28.0
2023-05-16,1070.0,43.0
2023-05-17,991.0,47.0
2023-05-18,974.0,32.0
2023-05-19,882.0,42.0
2023-05-20,717.0,25.0
2023-05-21,881.0,24.0
2023-05-22,1095.0,35.0
2023-05-23,1041.0,30.0
2023-05-24,922.0,30.0
2023-05-25,821.0,21.0
2023-05-26,708.0,33.0
2023-05-27,567.0,31.0
2023-05-28,596.0,21.0
2023-05-29,746.0,22.0
2023-05-30,781.0,29.0
2023-05-31,812.0,20.0
2023-06-01,674.0,29.0
2023-06-02,578.0,20.0
2023-06-03,472.0,30.0
2023-06-04,615.0,24.0
2023-06-05,807.0,18.0
2023-06-06,756.0,21.0
2023-06-07,682.0,19.0
2023-06-08,578.0,22.0
2023-06-09,468.0,19.0
2023-06-10,382.0,20.0
2023-06-11,517.0,27.0
2023-06-12,584.0,25.0
2023-06-13,510.0,22.0
2023-06-14,464.0,22.0
2023-06-15,385.0,20.0
2023-06-16,341.0,19.0
2023-06-17,333.0,14.0
2023-06-18,350.0,14.0
2023-06-19,421.0,16.0
2023-06-20,396.0,18.0
2023-06-21,371.0,14.0
2023-06-22,347.0,9.0
2023-06-23,290.0,11.0
2023-06-24,259.0,11.0
2023-06-25,303.0,19.0
2023-06-26,308.0,10.0
2023-06-27,295.0,13.0
2023-06-28,298.0,5.0
2023-06-29,253.0,11.0
2023-06-30,236.0,17.0
2023-07-01,209.0,9.0
2023-07-02,264.0,12.0
2023-07-03,346.0,7.0
2023-07-04,309.0,8.0
2023-07-05,343.0,11.0
2023-07-06,315.0,12.0
2023-07-07,350.0,7.0
2023-07-08,309.0,5.0
2023-07-09,391.0,6.0
2023-07-10,457.0,10.0
2023-07-11,451.0,7.0
2023-07-12,419.0,6.0
2023-07-13,417.0,11.0
2023-07-14,340.0,3.0
2023-07-15,338.0,6.0
2023-07-16,384.0,7.0
2023-07-17,491.0,6.0
2023-07-18,517.0,8.0
2023-07-19,468.0,12.0
2023-07-20,498.0,3.0
2023-07-21,445.0,9.0
2023-07-22,412.0,5.0
2023-07-23,495.0,10.0
2023-07-24,630.0,7.0
2023-07-25,649.0,9.0
2023-07-26,621.0,14.0
2023-07-27,629.0,10.0
2023-07-28,625.0,14.0
2023-07-29,629.0,9.0
2023-07-30,753.0,6.0
2023-07-31,847.0,13.0
2023-08-01,846.0,16.0
2023-08-02,824.0,14.0
2023-08-03,807.0,10.0
2023-08-04,772.0,10.0
2023-08-05,681.0,15.0
2023-08-06,827.0,15.0
2023-08-07,1022.0,9.0
2023-08-08,1086.0,12.0
2023-08-09,1034.0,12.0
2023-08-10,990.0,30.0
2023-08-11,920.0,18.0
2023-08-12,854.0,26.0
2023-08-13,976.0,15.0
2023-08-14,1097.0,20.0
2023-08-15,1092.0,13.0
2023-08-16,1070.0,22.0
2023-08-17,1048.0,25.0
2023-08-18,991.0,23.0
2023-08-19,849.0,34.0
2023-08-20,964.0,24.0
2023-08-21,1181.0,24.0
2023-08-22,1177.0,23.0
2023-08-23,1095.0,19.0
2023-08-24,1098.0,24.0
2023-08-25,982.0,26.0
2023-08-26,857.0,19.0
2023-08-27,902.0,27.0
2023-08-28,1089.0,18.0
2023-08-29,1368.0,23.0
2023-08-30,1490.0,28.0
2023-08-31,1447.0,19.0
2023-09-01,1514.0,20.0
2023-09-02,1327.0,28.0
2023-09-03,1637.0,34.0
2023-09-04,1970.0,26.0
2023-09-05,1891.0,35.0
2023-09-06,1859.0,38.0
2023-09-07,1712.0,30.0
2023-09-08,1551.0,43.0
2023-09-09,1334.0,34.0
2023-09-10,1580.0,40.0
2023-09-11,1825.0,30.0
2023-09-12,1674.0,33.0
2023-09-13,1523.0,35.0
2023-09-14,1532.0,36.0
2023-09-15,1342.0,33.0
2023-09-16,1318.0,19.0
2023-09-17,1605.0,30.0
2023-09-18,1930.0,35.0
2023-09-19,1952.0,31.0
2023-09-20,1894.0,32.0
2023-09-21,1829.0,30.0
2023-09-22,1682.0,29.0
2023-09-23,1555.0,26.0
2023-09-24,2011.0,30.0
2023-09-25,2562.0,32.0
2023-09-26,2700.0,22.0
2023-09-27,2669.0,46.0
2023-09-28,2320.0,44.0
2023-09-29,2125.0,35.0
2023-09-30,1929.0,39.0
2023-10-01,2362.0,43.0
2023-10-02,2645.0,40.0
2023-10-03,2659.0,32.0
2023-10-04,2456.0,40.0
2023-10-05,2255.0,41.0
2023-10-06,2119.0,50.0
2023-10-07,1670.0,50.0
2023-10-08,2069.0,44.0
2023-10-09,2236.0,36.0
2023-10-10,2030.0,39.0
2023-10-11,1898.0,53.0
2023-10-12,1545.0,41.0
2023-10-13,1468.0,30.0
2023-10-14,1120.0,42.0
2023-10-15,1219.0,48.0
2023-10-16,1451.0,40.0
2023-10-17,1413.0,51.0
2023-10-18,1397.0,45.0
2023-10-19,1324.0,48.0
2023-10-20,1149.0,46.0
2023-10-21,871.0,43.0
2023-10-22,993.0,35.0
2023-10-23,1179.0,39.0
2023-10-24,1153.0,40.0
2023-10-25,1021.0,54.0
2023-10-26,1016.0,35.0
2023-10-27,934.0,49.0
2023-10-28,738.0,38.0
2023-10-29,848.0,59.0
2023-10-30,1013.0,41.0
2023-10-31,958.0,41.0
2023-11-01,882.0,46.0
2023-11-02,814.0,36.0
2023-11-03,736.0,44.0
2023-11-04,595.0,33.0
2023-11-05,685.0,47.0
2023-11-06,784.0,34.0
2023-11-07,818.0,31.0
2023-11-08,699.0,26.0
2023-11-09,499.0,44.0
2023-11-10,281.0,38.0
2023-11-11,297.0,28.0
2023-11-12,602.0,20.0
2023-11-13,747.0,25.0
2023-11-14,766.0,27.0
2023-11-15,629.0,20.0
2023-11-16,671.0,19.0
2023-11-17,515.0,24.0
2023-11-18,452.0,23.0
2023-11-19,557.0,24.0
2023-11-20,702.0,25.0
2023-11-21,595.0,21.0
2023-11-22,615.0,18.0
2023-11-23,567.0,27.0
2023-11-24,547.0,30.0
2023-11-25,429.0,25.0
2023-11-26,507.0,17.0
2023-11-27,696.0,25.0
2023-11-28,695.0,18.0
2023-11-29,737.0,27.0
2023-11-30,666.0,26.0
2023-12-01,560.0,29.0
2023-12-02,524.0,20.0
2023-12-03,707.0,24.0
2023-12-04,968.0,22.0
2023-12-05,969.0,28.0
2023-12-06,968.0,30.0
2023-12-07,836.0,25.0
2023-12-08,924.0,32.0
2023-12-09,804.0,22.0
2023-12-10,994.0,30.0
2023-12-11,1263.0,31.0
2023-12-12,1284.0,36.0
2023-12-13,1208.0,33.0
2023-12-14,1078.0,23.0
2023-12-15,1120.0,37.0
2023-12-16,907.0,33.0
2023-12-17,1229.0,28.0
2023-12-18,1594.0,24.0
2023-12-19,1467.0,33.0
2023-12-20,1432.0,38.0
2023-12-21,1386.0,33.0
2023-12-22,1223.0,28.0
2023-12-23,987.0,32.0
2023-12-24,1043.0,20.0
2023-12-25,864.0,24.0
2023-12-26,1182.0,27.0
2023-12-27,1454.0,12.0
2023-12-28,1491.0,15.0
2023-12-29,1397.0,5.0
2023-12-30,1161.0,40.0
2023-12-31,1169.0,45.0
2024-01-01,1080.0,49.0
2024-01-02,1395.0,46.0
2024-01-03,1272.0,40.0
2024-01-04,1107.0,35.0
2024-01-05,939.0,26.0
2024-01-06,790.0,26.0
2024-01-07,787.0,21.0
2024-01-08,974.0,21.0
2024-01-09,846.0,17.0
2024-01-10,877.0,6.0
2024-01-11,835.0,2.0
2024-01-12,778.0,0.0
2024-01-13,559.0,
2024-01-14,707.0,
2024-01-15,836.0,
2024-01-16,830.0,
2024-01-17,853.0,
2024-01-18,836.0,
2024-01-19,757.0,
2024-01-20,684.0,
2024-01-21,765.0,
2024-01-22,1073.0,
2024-01-23,980.0,
2024-01-24,897.0,
2024-01-25,893.0,
2024-01-26,694.0,
2024-01-27,524.0,
2024-01-28,610.0,
2024-01-29,811.0,
2024-01-30,758.0,
2024-01-31,718.0,
2024-02-01,641.0,
2024-02-02,539.0,
2024-02-03,485.0,
2024-02-04,519.0,
2024-02-05,678.0,
2024-02-06,600.0,
2024-02-07,543.0,
2024-02-08,482.0,
2024-02-09,448.0,
2024-02-10,359.0,
2024-02-11,368.0,
2024-02-12,432.0,
2024-02-13,412.0,
2024-02-14,394.0,
2024-02-15,323.0,
2024-02-16,366.0,
2024-02-17,241.0,
2024-02-18,213.0,
2024-02-19,257.0,
2024-02-20,255.0,
2024-02-21,276.0,
2024-02-22,249.0,
2024-02-23,218.0,
2024-02-24,182.0,
2024-02-25,139.0,
2024-02-26,184.0,
2024-02-27,206.0,
2024-02-28,154.0,
2024-02-29,193.0,
2024-03-01,197.0,
2024-03-02,150.0,
2024-03-03,136.0,
2024-03-04,222.0,
2024-03-05,216.0,
2024-03-06,193.0,
2024-03-07,228.0,
2024-03-08,170.0,
2024-03-09,135.0,
2024-03-10,163.0,
2024-03-11,237.0,
2024-03-12,221.0,
2024-03-13,268.0,
2024-03-14,233.0,
2024-03-15,224.0,
2024-03-16,130.0,
2024-03-17,138.0,
2024-03-18,223.0,
2024-03-19,230.0,
2024-03-20,167.0,
2024-03-21,173.0,
2024-03-22,195.0,
2024-03-23,127.0,
2024-03-24,152.0,
2024-03-25,195.0,
2024-03-26,185.0,
2024-03-27,187.0,
2024-03-28,203.0,
2024-03-29,167.0,
2024-03-30,130.0,
2024-03-31,146.0,
2024-04-01,183.0,
2024-04-02,252.0,
2024-04-03,207.0,
2024-04-04,200.0,
2024-04-05,203.0,
2024-04-06,144.0,
2024-04-07,154.0,
2024-04-08,216.0,
2024-04-09,188.0,
2024-04-10,162.0,
2024-04-11,185.0,
2024-04-12,218.0,
2024-04-13,139.0,
2024-04-14,141.0,
2024-04-15,217.0,
2024-04-16,192.0,
2024-04-17,224.0,
2024-04-18,236.0,
2024-04-19,210.0,
2024-04-20,144.0,
2024-04-21,171.0,
2024-04-22,263.0,
2024-04-23,272.0,
2024-04-24,294.0,
2024-04-25,282.0,
2024-04-26,275.0,
2024-04-27,199.0,
2024-04-28,184.0,
2024-04-29,342.0,
2024-04-30,377.0,
2024-05-01,397.0,
2024-05-02,362.0,
2024-05-03,412.0,
2024-05-04,279.0,
2024-05-05,279.0,
2024-05-06,343.0,
2024-05-07,411.0,
2024-05-08,391.0,
2024-05-09,424.0,
2024-05-10,360.0,
2024-05-11,262.0,
2024-05-12,229.0,
2024-05-13,336.0,
2024-05-14,337.0,
2024-05-15,343.0,
2024-05-16,350.0,
2024-05-17,315.0,
2024-05-18,196.0,
2024-05-19,222.0,
2024-05-20,325.0,
2024-05-21,290.0,
2024-05-22,284.0,
2024-05-23,256.0,
2024-05-24,269.0,
2024-05-25,171.0,
2024-05-26,194.0,
2024-05-27,215.0,
2024-05-28,298.0,
2024-05-29,276.0,
2024-05-30,296.0,
2024-05-31,312.0,
2024-06-01,191.0,
2024-06-02,201.0,
2024-06-03,335.0,
2024-06-04,310.0,
2024-06-05,331.0,
2024-06-06,275.0,
2024-06-07,297.0,
2024-06-08,255.0,
2024-06-09,274.0,
2024-06-10,356.0,
2024-06-11,374.0,
2024-06-12,366.0,
2024-06-13,409.0,
2024-06-14,406.0,
2024-06-15,323.0,
2024-06-16,348.0,
2024-06-17,476.0,
2024-06-18,514.0,
2024-06-19,544.0,
2024-06-20,478.0,
2024-06-21,510.0,
2024-06-22,416.0,
2024-06-23,379.0,
2024-06-24,511.0,
2024-06-25,552.0,
2024-06-26,571.0,
2024-06-27,552.0,
2024-06-28,393.0,
2024-06-29,314.0,
2024-06-30,322.0,
2024-07-01,473.0,
2024-07-02,442.0,
2024-07-03,479.0,
2024-07-04,503.0,
2024-07-05,511.0,
2024-07-06,361.0,
2024-07-07,372.0,
2024-07-08,617.0,
2024-07-09,600.0,
2024-07-10,629.0,
2024-07-11,539.0,
2024-07-12,531.0,
2024-07-13,465.0,
2024-07-14,416.0,
2024-07-15,624.0,
2024-07-16,618.0,
2024-07-17,591.0,
2024-07-18,617.0,
2024-07-19,635.0,
2024-07-20,434.0,
2024-07-21,414.0,
2024-07-22,585.0,
2024-07-23,563.0,
2024-07-24,537.0,
2024-07-25,501.0,
2024-07-26,509.0,
2024-07-27,336.0,
2024-07-28,344.0,
2024-07-29,460.0,
2024-07-30,472.0,
2024-07-31,487.0,
2024-08-01,441.0,
2024-08-02,394.0,
2024-08-03,279.0,
2024-08-04,264.0,
2024-08-05,402.0,
2024-08-06,336.0,
2024-08-07,307.0,
2024-08-08,280.0,
2024-08-09,293.0,
2024-08-10,205.0,
2024-08-11,215.0,
2024-08-12,300.0,
2024-08-13,284.0,
2024-08-14,276.0,
2024-08-15,263.0,
2024-08-16,237.0,
2024-08-17,159.0,
2024-08-18,162.0,
2024-08-19,247.0,
2024-08-20,203.0,
2024-08-21,220.0,
2024-08-22,250.0,
2024-08-23,223.0,
2024-08-24,202.0,
2024-08-25,163.0,
2024-08-26,233.0,
2024-08-27,258.0,
2024-08-28,278.0,
2024-08-29,259.0,
2024-08-30,246.0,
2024-08-31,199.0,
2024-09-01,172.0,
2024-09-02,280.0,
2024-09-03,277.0,
2024-09-04,247.0,
2024-09-05,268.0,
2024-09-06,273.0,
2024-09-07,195.0,
2024-09-08,198.0,
2024-09-09,282.0,
2024-09-10,293.0,
2024-09-11,281.0,
2024-09-12,264.0,
2024-09-13,269.0,
2024-09-14,257.0,
2024-09-15,272.0,
2024-09-16,465.0,
2024-09-17,451.0,
2024-09-18,436.0,
2024-09-19,418.0,
2024-09-20,409.0,
2024-09-21,316.0,
2024-09-22,383.0,
2024-09-23,512.0,
2024-09-24,487.0,
2024-09-25,453.0,
2024-09-26,485.0,
2024-09-27,433.0,
2024-09-28,331.0,
2024-09-29,293.0,
2024-09-30,471.0,
2024-10-01,525.0,
2024-10-02,568.0,
2024-10-03,518.0,
2024-10-04,517.0,
2024-10-05,389.0,
2024-10-06,418.0,
2024-10-07,649.0,
2024-10-08,602.0,
2024-10-09,568.0,
2024-10-10,558.0,
2024-10-11,448.0,
2024-10-12,336.0,
2024-10-13,342.0,
2024-10-14,504.0,
2024-10-15,493.0,
2024-10-16,584.0,
2024-10-17,595.0,
2024-10-18,474.0,
2024-10-19,350.0,
2024-10-20,327.0,
2024-10-21,490.0,
2024-10-22,426.0,
2024-10-23,398.0,
2024-10-24,416.0,
2024-10-25,379.0,
2024-10-26,243.0,
2024-10-27,247.0,
2024-10-28,343.0,
2024-10-29,308.0,
2024-10-30,325.0,
2024-10-31,282.0,
2024-11-01,250.0,
2024-11-02,176.0,
2024-11-03,169.0,
2024-11-04,273.0,
2024-11-05,236.0,
2024-11-06,218.0,
2024-11-07,221.0,
2024-11-08,233.0,
2024-11-09,163.0,
2024-11-10,156.0,
2024-11-11,186.0,
2024-11-12,187.0,
2024-11-13,197.0,
2024-11-14,171.0,
2024-11-15,190.0,
2024-11-16,125.0,
2024-11-17,118.0,
2024-11-18,196.0,
2024-11-19,227.0,
2024-11-20,193.0,
2024-11-21,160.0,
2024-11-22,159.0,
2024-11-23,168.0,
2024-11-24,115.0,
2024-11-25,193.0,
2024-11-26,223.0,
2024-11-27,182.0,
2024-11-28,172.0,
2024-11-29,162.0,
2024-11-30,132.0,
2024-12-01,127.0,
2024-12-02,207.0,
2024-12-03,177.0,
2024-12-04,172.0,
2024-12-05,187.0,
2024-12-06,180.0,
2024-12-07,121.0,
2024-12-08,114.0,
2024-12-09,194.0,
2024-12-10,202.0,
2024-12-11,164.0,
2024-12-12,168.0,
2024-12-13,161.0,
2024-12-14,127.0,
2024-12-15,129.0,
2024-12-16,210.0,
2024-12-17,195.0,
2024-12-18,228.0,
2024-12-19,160.0,
2024-12-20,159.0,
2024-12-21,117.0,
2024-12-22,135.0,
2024-12-23,163.0,
2024-12-24,145.0,
2024-12-25,125.0,
2024-12-26,137.0,
2024-12-27,156.0,
2024-12-28,116.0,
2024-12-29,124.0,
2024-12-30,179.0,
2024-12-31,168.0,
2025-01-01,119.0,
2025-01-02,172.0,
2025-01-03,138.0,
2025-01-04,137.0,
2025-01-05,103.0,
2025-01-06,137.0,
2025-01-07,169.0,
2025-01-08,143.0,
2025-01-09,129.0,
2025-01-10,135.0,
2025-01-11,79.0,
2025-01-12,99.0,
2025-01-13,140.0,
2025-01-14,145.0,
2025-01-15,149.0,
2025-01-16,121.0,
2025-01-17,118.0,
2025-01-18,88.0,
2025-01-19,98.0,
2025-01-20,128.0,
2025-01-21,149.0,
2025-01-22,135.0,
2025-01-23,113.0,
2025-01-24,131.0,
2025-01-25,86.0,
2025-01-26,100.0,
2025-01-27,142.0,
2025-01-28,145.0,
2025-01-29,121.0,
2025-01-30,141.0,
2025-01-31,117.0,
2025-02-01,94.0,
2025-02-02,103.0,
2025-02-03,134.0,
2025-02-04,143.0,
2025-02-05,116.0,
2025-02-06,113.0,
2025-02-07,124.0,
2025-02-08,110.0,
2025-02-09,115.0,
2025-02-10,132.0,
2025-02-11,161.0,
2025-02-12,122.0,
2025-02-13,145.0,
2025-02-14,131.0,
2025-02-15,99.0,
2025-02-16,101.0,
2025-02-17,133.0,
2025-02-18,152.0,
2025-02-19,158.0,
2025-02-20,149.0,
2025-02-21,171.0,
2025-02-22,122.0,
2025-02-23,111.0,
2025-02-24,172.0,
2025-02-25,167.0,
2025-02-26,139.0,
2025-02-27,116.0,
2025-02-28,125.0,
2025-03-01,96.0,
2025-03-02,97.0,
2025-03-03,118.0,
2025-03-04,158.0,
2025-03-05,145.0,
2025-03-06,141.0,
2025-03-07,170.0,
2025-03-08,113.0,
2025-03-09,109.0,
2025-03-10,152.0,
2025-03-11,172.0,
2025-03-12,149.0,
2025-03-13,129.0,
2025-03-14,134.0,
2025-03-15,88.0,
2025-03-16,133.0,
2025-03-17,172.0,
2025-03-18,173.0,
2025-03-19,183.0,
2025-03-20,179.0,
2025-03-21,177.0,
2025-03-22,137.0,
2025-03-23,137.0,
2025-03-24,183.0,
2025-03-25,194.0,
2025-03-26,201.0,
2025-03-27,159.0,
2025-03-28,182.0,
2025-03-29,127.0,
2025-03-30,120.0,
2025-03-31,188.0,
2025-04-01,225.0,
2025-04-02,177.0,
2025-04-03,197.0,
2025-04-04,196.0,
2025-04-05,155.0,
2025-04-06,142.0,
2025-04-07,176.0,
2025-04-08,190.0,
2025-04-09,197.0,
2025-04-10,181.0,
2025-04-11,207.0,
2025-04-12,158.0,
2025-04-13,188.0,
2025-04-14,188.0,
2025-04-15,189.0,
2025-04-16,193.0,
2025-04-17,168.0,
2025-04-18,157.0,
2025-04-19,149.0,
2025-04-20,148.0,
2025-04-21,179.0,
2025-04-22,220.0,
2025-04-23,224.0,
2025-04-24,206.0,
2025-04-25,171.0,
2025-04-26,122.0,
2025-04-27,144.0,
2025-04-28,228.0,
2025-04-29,215.0,
2025-04-30,195.0,
2025-05-01,194.0,
2025-05-02,139.0,
2025-05-03,143.0,
2025-05-04,121.0,
2025-05-05,116.0,
2025-05-06,149.0,
2025-05-07,182.0,
2025-05-08,174.0,
2025-05-09,151.0,
2025-05-10,144.0,
2025-05-11,145.0,
2025-05-12,200.0,
2025-05-13,196.0,
2025-05-14,186.0,
2025-05-15,154.0,
2025-05-16,143.0,
2025-05-17,131.0,
2025-05-18,113.0,
2025-05-19,178.0,
2025-05-20,188.0,
2025-05-21,172.0,
2025-05-22,205.0,
2025-05-23,157.0,
2025-05-24,124.0,
2025-05-25,129.0,
2025-05-26,142.0,
2025-05-27,226.0,
2025-05-28,194.0,
2025-05-29,186.0,
2025-05-30,178.0,
2025-05-31,182.0,
2025-06-01,149.0,
2025-06-02,195.0,
2025-06-03,193.0,
2025-06-04,210.0,
2025-06-05,191.0,
2025-06-06,178.0,
2025-06-07,130.0,
2025-06-08,150.0,
2025-06-09,226.0,
2025-06-10,215.0,
2025-06-11,208.0,
2025-06-12,222.0,
2025-06-13,216.0,
2025-06-14,158.0,
2025-06-15,135.0,
2025-06-16,227.0,
2025-06-17,229.0,
2025-06-18,201.0,
2025-06-19,200.0,
2025-06-20,204.0,
2025-06-21,162.0,
2025-06-22,127.0,
2025-06-23,168.0,
2025-06-24,152.0,
2025-06-25,160.0,
2025-06-26,156.0,
2025-06-27,161.0,
2025-06-28,94.0,
2025-06-29,123.0,
2025-06-30,142.0,
2025-07-01,166.0,
2025-07-02,148.0,
2025-07-03,146.0,
2025-07-04,134.0,
2025-07-05,101.0,
2025-07-06,130.0,
2025-07-07,173.0,
2025-07-08,180.0,
2025-07-09,160.0,
2025-07-10,167.0,
2025-07-11,162.0,
2025-07-12,125.0,
2025-07-13,120.0,
2025-07-14,200.0,
2025-07-15,184.0,
2025-07-16,162.0,
2025-07-17,173.0,
2025-07-18,172.0,
2025-07-19,142.0,
2025-07-20,139.0,
2025-07-21,166.0,
2025-07-22,177.0,
2025-07-23,137.0,
2025-07-24,143.0,
2025-07-25,136.0,
2025-07-26,122.0,
2025-07-27,126.0,
2025-07-28,168.0,
2025-07-29,199.0,
2025-07-30,189.0,
2025-07-31,202.0,
2025-08-01,169.0,
2025-08-02,119.0,
2025-08-03,149.0,
2025-08-04,208.0,
2025-08-05,203.0,
2025-08-06,212.0,
2025-08-07,226.0,
2025-08-08,185.0,
2025-08-09,184.0,
2025-08-10,162.0,
2025-08-11,240.0,
2025-08-12,278.0,
2025-08-13,263.0,
2025-08-14,242.0,
2025-08-15,234.0,
2025-08-16,168.0,
2025-08-17,163.0,
2025-08-18,229.0,
2025-08-19,197.0,
2025-08-20,218.0,
2025-08-21,200.0,
2025-08-22,214.0,
2025-08-23,171.0,
2025-08-24,178.0,
2025-08-25,179.0,
2025-08-26,272.0,
2025-08-27,288.0,
2025-08-28,256.0,
2025-08-29,235.0,
2025-08-30,180.0,
2025-08-31,175.0,
2025-09-01,271.0,
2025-09-02,284.0,
2025-09-03,262.0,
2025-09-04,267.0,
2025-09-05,249.0,
2025-09-06,214.0,
2025-09-07,204.0,
2025-09-08,299.0,
2025-09-09,312.0,
2025-09-10,285.0,
2025-09-11,265.0,
2025-09-12,294.0,
2025-09-13,225.0,
2025-09-14,243.0,
2025-09-15,343.0,
2025-09-16,392.0,
2025-09-17,350.0,
2025-09-18,382.0,
2025-09-19,399.0,
2025-09-20,294.0,
2025-09-21,296.0,
2025-09-22,385.0,
2025-09-23,420.0,
2025-09-24,456.0,
2025-09-25,413.0,
2025-09-26,450.0,
2025-09-27,330.0,
2025-09-28,382.0,
2025-09-29,542.0,
2025-09-30,492.0,
2025-10-01,545.0,
2025-10-02,556.0,
2025-10-03,557.0,
2025-10-04,388.0,
2025-10-05,373.0,
2025-10-06,503.0,
2025-10-07,494.0,
2025-10-08,473.0,
2025-10-09,471.0,
2025-10-10,406.0,
2025-10-11,307.0,
2025-10-12,267.0,
2025-10-13,438.0,
2025-10-14,444.0,
2025-10-15,385.0,
2025-10-16,355.0,
2025-10-17,362.0,
2025-10-18,236.0,
2025-10-19,243.0,
2025-10-20,381.0,
2025-10-21,345.0,
2025-10-22,314.0,
2025-10-23,266.0,
2025-10-24,244.0,
2025-10-25,163.0,
2025-10-26,201.0,
2025-10-27,249.0,
2025-10-28,240.0,
2025-10-29,260.0,
2025-10-30,230.0,
2025-10-31,218.0,
2025-11-01,180.0,
2025-11-02,161.0,
2025-11-03,217.0,
2025-11-04,202.0,
2025-11-05,198.0,
2025-11-06,163.0,
2025-11-07,139.0,
2025-11-08,104.0,
2025-11-09,133.0,
2025-11-10,121.0,
2025-11-11,125.0,
2025-11-12,121.0,
2025-11-13,136.0,
2025-11-14,100.0,
2025-11-15,64.0,
2025-11-16,86.0,
2025-11-17,105.0,
2025-11-18,71.0,
2025-11-19,101.0,
2025-11-20,83.0,
2025-11-21,99.0,
2025-11-22,82.0,
2025-11-23,74.0,
2025-11-24,104.0,
2025-11-25,107.0,
2025-11-26,120.0,
2025-11-27,80.0,
2025-11-28,92.0,
2025-11-29,72.0,
2025-11-30,92.0,
2025-12-01,135.0,
2025-12-02,145.0,
2025-12-03,106.0,
2025-12-04,126.0,
2025-12-05,98.0,
2025-12-06,92.0,
2025-12-07,90.0,
2025-12-08,131.0,
2025-12-09,136.0,
2025-12-10,117.0,
2025-12-11,111.0,
2025-12-12,109.0,
2025-12-13,83.0,
2025-12-14,72.0,
2025-12-15,109.0,
2025-12-16,111.0,
2025-12-17,97.0,
2025-12-18,62.0,
2025-12-19,93.0,
2025-12-20,71.0,
2025-12-21,77.0,
2025-12-22,95.0,
2025-12-23,88.0,
2025-12-24,85.0,
2025-12-25,65.0,
2025-12-26,75.0,
2025-12-27,74.0,
2025-12-28,86.0,
2025-12-29,112.0,
2025-12-30,112.0,
2025-12-31,115.0,
2026-01-01,77.0,
2026-01-02,90.0,
2026-01-03,70.0,
2026-01-04,80.0,
2026-01-05,97.0,
2026-01-06,106.0,
2026-01-07,104.0,
2026-01-08,103.0,
2026-01-09,99.0,
2026-01-10,76.0,
2026-01-11,77.0,
2026-01-12,115.0,
2026-01-13,115.0,
2026-01-14,118.0,
2026-01-15,107.0,
2026-01-16,107.0,
2026-01-17,85.0,
2026-01-18,67.0,
2026-01-19,101.0,
2026-01-20,120.0,
2026-01-21,96.0,
2026-01-22,140.0,
2026-01-23,110.0,
2026-01-24,77.0,
2026-01-25,90.0,
2026-01-26,97.0,
2026-01-27,110.0,
2026-01-28,105.0,
2026-01-29,90.0,
2026-01-30,111.0,
2026-01-31,69.0,
2026-02-01,99.0,
2026-02-02,126.0,
2026-02-03,116.0,
2026-02-04,141.0,
2026-02-05,130.0,
2026-02-06,123.0,
2026-02-07,84.0,
2026-02-08,98.0,
2026-02-09,101.0,
2026-02-10,129.0,
2026-02-11,125.0,
2026-02-12,124.0,
2026-02-13,119.0,
2026-02-14,71.0,
2026-02-15,72.0,
2026-02-16,124.0,
2026-02-17,107.0,
2026-02-18,118.0,
2026-02-19,100.0,
2026-02-20,96.0,
2026-02-21,73.0,
2026-02-22,76.0,
2026-02-23,98.0,
2026-02-24,87.0,
2026-02-25,97.0,
2026-02-26,130.0,
2026-02-27,90.0,
2026-02-28,64.0,
2026-03-01,61.0,
2026-03-02,79.0,
2026-03-03,96.0,
2026-03-04,68.0,
2026-03-05,79.0,
2026-03-06,66.0,
2026-03-07,57.0,
2026-03-08,57.0,
2026-03-09,90.0,
2026-03-10,67.0,
2026-03-11,69.0,
2026-03-12,89.0,
2026-03-13,74.0,
2026-03-14,51.0,
2026-03-15,62.0,
2026-03-16,80.0,
2026-03-17,85.0,
2026-03-18,77.0,
2026-03-19,70.0,
2026-03-20,77.0,
2026-03-21,64.0,
2026-03-22,60.0,
2026-03-23,86.0,
2026-03-24,82.0,
2026-03-25,87.0,
2026-03-26,73.0,
2026-03-27,62.0,
2026-03-28,43.0,
2026-03-29,47.0,
2026-03-30,73.0,
2026-03-31,82.0,
2026-04-01,59.0,
2026-04-02,74.0,
2026-04-03,65.0,
2026-04-04,35.0,
2026-04-05,45.0,
2026-04-06,48.0,
2026-04-07,62.0,
2026-04-08,58.0,
2026-04-09,51.0,
2026-04-10,37.0,
2026-04-11,35.0,
2026-04-12,29.0,
2026-04-13,45.0,
2026-04-14,47.0,
2026-04-15,25.0,
2026-04-16,32.0,
2026-04-17,38.0,
2026-04-18,18.0,
2026-04-19,25.0,
2026-04-20,26.0,
2026-04-21,23.0,
2026-04-22,37.0,
2026-04-23,29.0,
2026-04-24,28.0,
2026-04-25,19.0,
2026-04-26,16.0,
2026-04-27,37.0,
2026-04-28,33.0,
2026-04-29,35.0,
2026-04-30,24.0,
2026-05-01,34.0,
2026-05-02,20.0,
2026-05-03,22.0,
2026-05-04,34.0,
2026-05-05,34.0,
2026-05-06,24.0,
2026-05-07,28.0,
2026-05-08,21.0,
2026-05-09,24.0,
2026-05-10,19.0,
2026-05-11,31.0,
2026-05-12,23.0,
2026-05-13,21.0,
2026-05-14,28.0,
2026-05-15,14.0,
2026-05-16,23.0,
2026-05-17,26.0,
2026-05-18,21.0,
2026-05-19,31.0,
2026-05-20,33.0,
2026-05-21,33.0,
2026-05-22,25.0,
2026-05-23,24.0,
2026-05-24,17.0,
2026-05-25,20.0,
2026-05-26,21.0,
2026-05-27,19.0,
2026-05-28,14.0,
2026-05-29,14.0,
2026-05-30,9.0,
2026-05-31,7.0,
2026-06-01,15.0,
2026-06-02,11.0,
2026-06-03,17.0,
2026-06-04,20.0,
2026-06-05,24.0,
2026-06-06,7.0,
2026-06-07,6.0,
2026-06-08,16.0,
2026-06-09,10.0,
2026-06-10,23.0,
2026-06-11,10.0,
2026-06-12,10.0,
2026-06-13,10.0,
2026-06-14,15.0,
2026-06-15,10.0,
2026-06-16,14.0,
2026-06-17,17.0,
2026-06-18,22.0,
2026-06-19,22.0,
2026-06-20,9.0,
2026-06-21,16.0,
2026-06-22,15.0,
2026-06-23,8.0,
2026-06-24,11.0,
2026-06-25,9.0,
2026-06-26,11.0,
2026-06-27,9.0,
2026-06-28,13.0,
2026-06-29,17.0,
2026-06-30,12.0,
2026-07-01,14.0,
2026-07-02,17.0,
2026-07-03,5.0,
2026-07-04,5.0,
2026-07-05,11.0,
2026-07-06,15.0,
2026-07-07,14.0,
2026-07-08,27.0,
2026-07-09,19.0,
2026-07-10,12.0,
2026-07-11,20.0,
2026-07-12,19.0,
2026-07-13,14.0,
2026-07-14,14.0,
2026-07-15,14.0,
2026-07-16,29.0,
2026-07-17,14.0,
2026-07-18,10.0,
2026-07-19,6.0,
2026-07-20,15.0,
2026-07-21,18.0,
2026-07-22,27.0,
2026-07-23,33.0,
2026-07-24,20.0,
2026-07-25,22.0,
2026-07-26,26.0,
2026-07-27,22.0,
2026-07-28,38.0,
2026-07-29,25.0,
2026-07-30,32.0,
2026-07-31,36.0,
2026-08-01,25.0,
2026-08-02,20.0,
2026-08-03,30.0,
2026-08-04,38.0,
2026-08-05,50.0,
2026-08-06,34.0,
2026-08-07,34.0,
2026-08-08,28.0,
2026-08-09,31.0,
2026-08-10,38.0,
2026-08-11,44.0,
2026-08-12,47.0,
2026-08-13,50.0,
2026-08-14,48.0,
2026-08-15,30.0,
2026-08-16,24.0,
2026-08-17,37.0,
2026-08-18,18.0,
2026-08-19,3.0,
